MakeAndModel,Capacity,MaxSpeed,Range,LifeTime,TypeOfFuel,Weight
Boeing 747,215,334,2500,9,Avgas,970000
Airbus A320,143,223,7368,7,JetA,162000
Embraer E190,425,948,1612,8,JetB,115000
Bombardier CRJ900,262,336,1348,19,Avgas,84000
Boeing 787,250,644,3346,12,JetA,502000
Airbus A380,108,791,1275,13,JetB,610000
Bombardier Q400,157,913,13094,20,JetA,64600
Boeing 737,249,553,11009,26,Avgas,174200
Airbus A350,175,319,6146,10,JetB,555000
Embraer E175,333,327,4647,19,JetA,81800
Boeing 777,326,669,4959,9,Avgas,656000
Airbus A330,417,229,10243,10,JetB,507000
Bombardier CRJ700,447,678,1162,29,JetA,75000
Embraer E195,231,899,6129,6,Avgas,97000
Boeing 757,384,576,5167,25,JetB,255000
Airbus A319,82,333,9816,14,Avgas,166000
Bombardier CRJ200,134,605,14208,7,JetB,49500
Boeing 767,213,831,8807,14,JetA,395000
Airbus A321,357,430,4174,25,Avgas,206000
Embraer E170,457,786,6788,28,JetA,48500
