LitersInStock,Location,TypeOfFuel
69127,LAX,JetA
78253,LAX,JetB
48493,LAX,Avgas
31652,JFK,JetA
60623,JFK,JetB
71040,JFK,Avgas
40575,ORD,JetA
81357,ORD,JetB
27343,ORD,Avgas
77139,ATL,JetA
52518,ATL,JetB
64401,ATL,Avgas
55939,DFW,JetA
75591,DFW,JetB
65986,DFW,Avgas
69831,TLV,JetA
85411,TLV,JetB
41050,TLV,Avgas
74710,SFO,JetA
46296,SFO,JetB
91255,SFO,Avgas
99480,LON,JetA
82144,LON,JetB
14146,LON,Avgas
32665,CDG,JetA
73254,CDG,JetB
16205,CDG,Avgas
96677,WAW,JetA
36769,WAW,JetB
76586,WAW,Avgas
34784,EWR,JetA
88029,EWR,JetB
57926,EWR,Avgas
12027,AUH,JetA
98532,AUH,JetB
91871,AUH,Avgas
86094,IAH,JetA
32242,IAH,JetB
38553,IAH,Avgas
35416,SEA,JetA
20683,SEA,JetB
75112,SEA,Avgas
