GateNumber,Location
0,LAX
1,LAX
2,LAX
3,LAX
4,LAX
5,LAX
6,LAX
7,LAX
8,LAX
9,LAX
10,LAX
11,LAX
12,LAX
13,LAX
14,LAX
15,LAX
16,LAX
17,LAX
18,LAX
19,LAX
20,LAX
21,LAX
22,LAX
23,LAX
24,LAX
25,LAX
26,LAX
27,LAX
28,LAX
29,LAX
30,LAX
31,LAX
32,LAX
33,LAX
34,LAX
35,LAX
36,LAX
37,LAX
38,LAX
39,LAX
40,LAX
41,LAX
42,LAX
43,LAX
44,LAX
45,LAX
46,LAX
47,LAX
48,LAX
49,LAX
50,LAX
51,LAX
52,LAX
53,LAX
54,LAX
55,LAX
56,LAX
57,LAX
58,LAX
59,LAX
60,LAX
61,LAX
62,LAX
63,LAX
64,LAX
65,LAX
66,LAX
67,LAX
68,LAX
69,LAX
70,LAX
71,LAX
72,LAX
73,LAX
74,LAX
75,LAX
76,LAX
77,LAX
78,LAX
79,LAX
80,LAX
81,LAX
82,LAX
83,LAX
84,LAX
85,LAX
86,LAX
87,LAX
88,LAX
89,LAX
90,LAX
91,LAX
92,LAX
93,LAX
94,LAX
95,LAX
96,LAX
97,LAX
98,LAX
99,LAX
0,JFK
1,JFK
2,JFK
3,JFK
4,JFK
5,JFK
6,JFK
7,JFK
8,JFK
9,JFK
10,JFK
11,JFK
12,JFK
13,JFK
14,JFK
15,JFK
16,JFK
17,JFK
18,JFK
19,JFK
20,JFK
21,JFK
22,JFK
23,JFK
24,JFK
25,JFK
26,JFK
27,JFK
28,JFK
29,JFK
30,JFK
31,JFK
32,JFK
33,JFK
34,JFK
35,JFK
36,JFK
37,JFK
38,JFK
39,JFK
40,JFK
41,JFK
42,JFK
43,JFK
44,JFK
45,JFK
46,JFK
47,JFK
48,JFK
49,JFK
50,JFK
51,JFK
52,JFK
53,JFK
54,JFK
55,JFK
56,JFK
57,JFK
58,JFK
59,JFK
60,JFK
61,JFK
62,JFK
63,JFK
64,JFK
65,JFK
66,JFK
67,JFK
68,JFK
69,JFK
70,JFK
71,JFK
72,JFK
73,JFK
74,JFK
75,JFK
76,JFK
77,JFK
78,JFK
79,JFK
80,JFK
81,JFK
82,JFK
83,JFK
84,JFK
85,JFK
86,JFK
87,JFK
88,JFK
89,JFK
90,JFK
91,JFK
92,JFK
93,JFK
94,JFK
95,JFK
96,JFK
97,JFK
98,JFK
99,JFK
0,ORD
1,ORD
2,ORD
3,ORD
4,ORD
5,ORD
6,ORD
7,ORD
8,ORD
9,ORD
10,ORD
11,ORD
12,ORD
13,ORD
14,ORD
15,ORD
16,ORD
17,ORD
18,ORD
19,ORD
20,ORD
21,ORD
22,ORD
23,ORD
24,ORD
25,ORD
26,ORD
27,ORD
28,ORD
29,ORD
30,ORD
31,ORD
32,ORD
33,ORD
34,ORD
35,ORD
36,ORD
37,ORD
38,ORD
39,ORD
40,ORD
41,ORD
42,ORD
43,ORD
44,ORD
45,ORD
46,ORD
47,ORD
48,ORD
49,ORD
50,ORD
51,ORD
52,ORD
53,ORD
54,ORD
55,ORD
56,ORD
57,ORD
58,ORD
59,ORD
60,ORD
61,ORD
62,ORD
63,ORD
64,ORD
65,ORD
66,ORD
67,ORD
68,ORD
69,ORD
70,ORD
71,ORD
72,ORD
73,ORD
74,ORD
75,ORD
76,ORD
77,ORD
78,ORD
79,ORD
80,ORD
81,ORD
82,ORD
83,ORD
84,ORD
85,ORD
86,ORD
87,ORD
88,ORD
89,ORD
90,ORD
91,ORD
92,ORD
93,ORD
94,ORD
95,ORD
96,ORD
97,ORD
98,ORD
99,ORD
0,ATL
1,ATL
2,ATL
3,ATL
4,ATL
5,ATL
6,ATL
7,ATL
8,ATL
9,ATL
10,ATL
11,ATL
12,ATL
13,ATL
14,ATL
15,ATL
16,ATL
17,ATL
18,ATL
19,ATL
20,ATL
21,ATL
22,ATL
23,ATL
24,ATL
25,ATL
26,ATL
27,ATL
28,ATL
29,ATL
30,ATL
31,ATL
32,ATL
33,ATL
34,ATL
35,ATL
36,ATL
37,ATL
38,ATL
39,ATL
40,ATL
41,ATL
42,ATL
43,ATL
44,ATL
45,ATL
46,ATL
47,ATL
48,ATL
49,ATL
50,ATL
51,ATL
52,ATL
53,ATL
54,ATL
55,ATL
56,ATL
57,ATL
58,ATL
59,ATL
60,ATL
61,ATL
62,ATL
63,ATL
64,ATL
65,ATL
66,ATL
67,ATL
68,ATL
69,ATL
70,ATL
71,ATL
72,ATL
73,ATL
74,ATL
75,ATL
76,ATL
77,ATL
78,ATL
79,ATL
80,ATL
81,ATL
82,ATL
83,ATL
84,ATL
85,ATL
86,ATL
87,ATL
88,ATL
89,ATL
90,ATL
91,ATL
92,ATL
93,ATL
94,ATL
95,ATL
96,ATL
97,ATL
98,ATL
99,ATL
0,DFW
1,DFW
2,DFW
3,DFW
4,DFW
5,DFW
6,DFW
7,DFW
8,DFW
9,DFW
10,DFW
11,DFW
12,DFW
13,DFW
14,DFW
15,DFW
16,DFW
17,DFW
18,DFW
19,DFW
20,DFW
21,DFW
22,DFW
23,DFW
24,DFW
25,DFW
26,DFW
27,DFW
28,DFW
29,DFW
30,DFW
31,DFW
32,DFW
33,DFW
34,DFW
35,DFW
36,DFW
37,DFW
38,DFW
39,DFW
40,DFW
41,DFW
42,DFW
43,DFW
44,DFW
45,DFW
46,DFW
47,DFW
48,DFW
49,DFW
50,DFW
51,DFW
52,DFW
53,DFW
54,DFW
55,DFW
56,DFW
57,DFW
58,DFW
59,DFW
60,DFW
61,DFW
62,DFW
63,DFW
64,DFW
65,DFW
66,DFW
67,DFW
68,DFW
69,DFW
70,DFW
71,DFW
72,DFW
73,DFW
74,DFW
75,DFW
76,DFW
77,DFW
78,DFW
79,DFW
80,DFW
81,DFW
82,DFW
83,DFW
84,DFW
85,DFW
86,DFW
87,DFW
88,DFW
89,DFW
90,DFW
91,DFW
92,DFW
93,DFW
94,DFW
95,DFW
96,DFW
97,DFW
98,DFW
99,DFW
0,TLV
1,TLV
2,TLV
3,TLV
4,TLV
5,TLV
6,TLV
7,TLV
8,TLV
9,TLV
10,TLV
11,TLV
12,TLV
13,TLV
14,TLV
15,TLV
16,TLV
17,TLV
18,TLV
19,TLV
20,TLV
21,TLV
22,TLV
23,TLV
24,TLV
25,TLV
26,TLV
27,TLV
28,TLV
29,TLV
30,TLV
31,TLV
32,TLV
33,TLV
34,TLV
35,TLV
36,TLV
37,TLV
38,TLV
39,TLV
40,TLV
41,TLV
42,TLV
43,TLV
44,TLV
45,TLV
46,TLV
47,TLV
48,TLV
49,TLV
50,TLV
51,TLV
52,TLV
53,TLV
54,TLV
55,TLV
56,TLV
57,TLV
58,TLV
59,TLV
60,TLV
61,TLV
62,TLV
63,TLV
64,TLV
65,TLV
66,TLV
67,TLV
68,TLV
69,TLV
70,TLV
71,TLV
72,TLV
73,TLV
74,TLV
75,TLV
76,TLV
77,TLV
78,TLV
79,TLV
80,TLV
81,TLV
82,TLV
83,TLV
84,TLV
85,TLV
86,TLV
87,TLV
88,TLV
89,TLV
90,TLV
91,TLV
92,TLV
93,TLV
94,TLV
95,TLV
96,TLV
97,TLV
98,TLV
99,TLV
0,SFO
1,SFO
2,SFO
3,SFO
4,SFO
5,SFO
6,SFO
7,SFO
8,SFO
9,SFO
10,SFO
11,SFO
12,SFO
13,SFO
14,SFO
15,SFO
16,SFO
17,SFO
18,SFO
19,SFO
20,SFO
21,SFO
22,SFO
23,SFO
24,SFO
25,SFO
26,SFO
27,SFO
28,SFO
29,SFO
30,SFO
31,SFO
32,SFO
33,SFO
34,SFO
35,SFO
36,SFO
37,SFO
38,SFO
39,SFO
40,SFO
41,SFO
42,SFO
43,SFO
44,SFO
45,SFO
46,SFO
47,SFO
48,SFO
49,SFO
50,SFO
51,SFO
52,SFO
53,SFO
54,SFO
55,SFO
56,SFO
57,SFO
58,SFO
59,SFO
60,SFO
61,SFO
62,SFO
63,SFO
64,SFO
65,SFO
66,SFO
67,SFO
68,SFO
69,SFO
70,SFO
71,SFO
72,SFO
73,SFO
74,SFO
75,SFO
76,SFO
77,SFO
78,SFO
79,SFO
80,SFO
81,SFO
82,SFO
83,SFO
84,SFO
85,SFO
86,SFO
87,SFO
88,SFO
89,SFO
90,SFO
91,SFO
92,SFO
93,SFO
94,SFO
95,SFO
96,SFO
97,SFO
98,SFO
99,SFO
0,LON
1,LON
2,LON
3,LON
4,LON
5,LON
6,LON
7,LON
8,LON
9,LON
10,LON
11,LON
12,LON
13,LON
14,LON
15,LON
16,LON
17,LON
18,LON
19,LON
20,LON
21,LON
22,LON
23,LON
24,LON
25,LON
26,LON
27,LON
28,LON
29,LON
30,LON
31,LON
32,LON
33,LON
34,LON
35,LON
36,LON
37,LON
38,LON
39,LON
40,LON
41,LON
42,LON
43,LON
44,LON
45,LON
46,LON
47,LON
48,LON
49,LON
50,LON
51,LON
52,LON
53,LON
54,LON
55,LON
56,LON
57,LON
58,LON
59,LON
60,LON
61,LON
62,LON
63,LON
64,LON
65,LON
66,LON
67,LON
68,LON
69,LON
70,LON
71,LON
72,LON
73,LON
74,LON
75,LON
76,LON
77,LON
78,LON
79,LON
80,LON
81,LON
82,LON
83,LON
84,LON
85,LON
86,LON
87,LON
88,LON
89,LON
90,LON
91,LON
92,LON
93,LON
94,LON
95,LON
96,LON
97,LON
98,LON
99,LON
0,CDG
1,CDG
2,CDG
3,CDG
4,CDG
5,CDG
6,CDG
7,CDG
8,CDG
9,CDG
10,CDG
11,CDG
12,CDG
13,CDG
14,CDG
15,CDG
16,CDG
17,CDG
18,CDG
19,CDG
20,CDG
21,CDG
22,CDG
23,CDG
24,CDG
25,CDG
26,CDG
27,CDG
28,CDG
29,CDG
30,CDG
31,CDG
32,CDG
33,CDG
34,CDG
35,CDG
36,CDG
37,CDG
38,CDG
39,CDG
40,CDG
41,CDG
42,CDG
43,CDG
44,CDG
45,CDG
46,CDG
47,CDG
48,CDG
49,CDG
50,CDG
51,CDG
52,CDG
53,CDG
54,CDG
55,CDG
56,CDG
57,CDG
58,CDG
59,CDG
60,CDG
61,CDG
62,CDG
63,CDG
64,CDG
65,CDG
66,CDG
67,CDG
68,CDG
69,CDG
70,CDG
71,CDG
72,CDG
73,CDG
74,CDG
75,CDG
76,CDG
77,CDG
78,CDG
79,CDG
80,CDG
81,CDG
82,CDG
83,CDG
84,CDG
85,CDG
86,CDG
87,CDG
88,CDG
89,CDG
90,CDG
91,CDG
92,CDG
93,CDG
94,CDG
95,CDG
96,CDG
97,CDG
98,CDG
99,CDG
0,WAW
1,WAW
2,WAW
3,WAW
4,WAW
5,WAW
6,WAW
7,WAW
8,WAW
9,WAW
10,WAW
11,WAW
12,WAW
13,WAW
14,WAW
15,WAW
16,WAW
17,WAW
18,WAW
19,WAW
20,WAW
21,WAW
22,WAW
23,WAW
24,WAW
25,WAW
26,WAW
27,WAW
28,WAW
29,WAW
30,WAW
31,WAW
32,WAW
33,WAW
34,WAW
35,WAW
36,WAW
37,WAW
38,WAW
39,WAW
40,WAW
41,WAW
42,WAW
43,WAW
44,WAW
45,WAW
46,WAW
47,WAW
48,WAW
49,WAW
50,WAW
51,WAW
52,WAW
53,WAW
54,WAW
55,WAW
56,WAW
57,WAW
58,WAW
59,WAW
60,WAW
61,WAW
62,WAW
63,WAW
64,WAW
65,WAW
66,WAW
67,WAW
68,WAW
69,WAW
70,WAW
71,WAW
72,WAW
73,WAW
74,WAW
75,WAW
76,WAW
77,WAW
78,WAW
79,WAW
80,WAW
81,WAW
82,WAW
83,WAW
84,WAW
85,WAW
86,WAW
87,WAW
88,WAW
89,WAW
90,WAW
91,WAW
92,WAW
93,WAW
94,WAW
95,WAW
96,WAW
97,WAW
98,WAW
99,WAW
0,EWR
1,EWR
2,EWR
3,EWR
4,EWR
5,EWR
6,EWR
7,EWR
8,EWR
9,EWR
10,EWR
11,EWR
12,EWR
13,EWR
14,EWR
15,EWR
16,EWR
17,EWR
18,EWR
19,EWR
20,EWR
21,EWR
22,EWR
23,EWR
24,EWR
25,EWR
26,EWR
27,EWR
28,EWR
29,EWR
30,EWR
31,EWR
32,EWR
33,EWR
34,EWR
35,EWR
36,EWR
37,EWR
38,EWR
39,EWR
40,EWR
41,EWR
42,EWR
43,EWR
44,EWR
45,EWR
46,EWR
47,EWR
48,EWR
49,EWR
50,EWR
51,EWR
52,EWR
53,EWR
54,EWR
55,EWR
56,EWR
57,EWR
58,EWR
59,EWR
60,EWR
61,EWR
62,EWR
63,EWR
64,EWR
65,EWR
66,EWR
67,EWR
68,EWR
69,EWR
70,EWR
71,EWR
72,EWR
73,EWR
74,EWR
75,EWR
76,EWR
77,EWR
78,EWR
79,EWR
80,EWR
81,EWR
82,EWR
83,EWR
84,EWR
85,EWR
86,EWR
87,EWR
88,EWR
89,EWR
90,EWR
91,EWR
92,EWR
93,EWR
94,EWR
95,EWR
96,EWR
97,EWR
98,EWR
99,EWR
0,AUH
1,AUH
2,AUH
3,AUH
4,AUH
5,AUH
6,AUH
7,AUH
8,AUH
9,AUH
10,AUH
11,AUH
12,AUH
13,AUH
14,AUH
15,AUH
16,AUH
17,AUH
18,AUH
19,AUH
20,AUH
21,AUH
22,AUH
23,AUH
24,AUH
25,AUH
26,AUH
27,AUH
28,AUH
29,AUH
30,AUH
31,AUH
32,AUH
33,AUH
34,AUH
35,AUH
36,AUH
37,AUH
38,AUH
39,AUH
40,AUH
41,AUH
42,AUH
43,AUH
44,AUH
45,AUH
46,AUH
47,AUH
48,AUH
49,AUH
50,AUH
51,AUH
52,AUH
53,AUH
54,AUH
55,AUH
56,AUH
57,AUH
58,AUH
59,AUH
60,AUH
61,AUH
62,AUH
63,AUH
64,AUH
65,AUH
66,AUH
67,AUH
68,AUH
69,AUH
70,AUH
71,AUH
72,AUH
73,AUH
74,AUH
75,AUH
76,AUH
77,AUH
78,AUH
79,AUH
80,AUH
81,AUH
82,AUH
83,AUH
84,AUH
85,AUH
86,AUH
87,AUH
88,AUH
89,AUH
90,AUH
91,AUH
92,AUH
93,AUH
94,AUH
95,AUH
96,AUH
97,AUH
98,AUH
99,AUH
0,IAH
1,IAH
2,IAH
3,IAH
4,IAH
5,IAH
6,IAH
7,IAH
8,IAH
9,IAH
10,IAH
11,IAH
12,IAH
13,IAH
14,IAH
15,IAH
16,IAH
17,IAH
18,IAH
19,IAH
20,IAH
21,IAH
22,IAH
23,IAH
24,IAH
25,IAH
26,IAH
27,IAH
28,IAH
29,IAH
30,IAH
31,IAH
32,IAH
33,IAH
34,IAH
35,IAH
36,IAH
37,IAH
38,IAH
39,IAH
40,IAH
41,IAH
42,IAH
43,IAH
44,IAH
45,IAH
46,IAH
47,IAH
48,IAH
49,IAH
50,IAH
51,IAH
52,IAH
53,IAH
54,IAH
55,IAH
56,IAH
57,IAH
58,IAH
59,IAH
60,IAH
61,IAH
62,IAH
63,IAH
64,IAH
65,IAH
66,IAH
67,IAH
68,IAH
69,IAH
70,IAH
71,IAH
72,IAH
73,IAH
74,IAH
75,IAH
76,IAH
77,IAH
78,IAH
79,IAH
80,IAH
81,IAH
82,IAH
83,IAH
84,IAH
85,IAH
86,IAH
87,IAH
88,IAH
89,IAH
90,IAH
91,IAH
92,IAH
93,IAH
94,IAH
95,IAH
96,IAH
97,IAH
98,IAH
99,IAH
0,SEA
1,SEA
2,SEA
3,SEA
4,SEA
5,SEA
6,SEA
7,SEA
8,SEA
9,SEA
10,SEA
11,SEA
12,SEA
13,SEA
14,SEA
15,SEA
16,SEA
17,SEA
18,SEA
19,SEA
20,SEA
21,SEA
22,SEA
23,SEA
24,SEA
25,SEA
26,SEA
27,SEA
28,SEA
29,SEA
30,SEA
31,SEA
32,SEA
33,SEA
34,SEA
35,SEA
36,SEA
37,SEA
38,SEA
39,SEA
40,SEA
41,SEA
42,SEA
43,SEA
44,SEA
45,SEA
46,SEA
47,SEA
48,SEA
49,SEA
50,SEA
51,SEA
52,SEA
53,SEA
54,SEA
55,SEA
56,SEA
57,SEA
58,SEA
59,SEA
60,SEA
61,SEA
62,SEA
63,SEA
64,SEA
65,SEA
66,SEA
67,SEA
68,SEA
69,SEA
70,SEA
71,SEA
72,SEA
73,SEA
74,SEA
75,SEA
76,SEA
77,SEA
78,SEA
79,SEA
80,SEA
81,SEA
82,SEA
83,SEA
84,SEA
85,SEA
86,SEA
87,SEA
88,SEA
89,SEA
90,SEA
91,SEA
92,SEA
93,SEA
94,SEA
95,SEA
96,SEA
97,SEA
98,SEA
99,SEA
